2026-05-25_15-54-17,0,main.go:2026-05-25_15-54-17
2026-05-25_15-54-46,0,main.go:2026-05-25_15-54-17
2026-06-26_23-49-13,0,main.go:2026-06-26_23-49-13
2026-06-26_23-49-29,0,main.go:2026-06-26_23-49-29
2026-06-26_23-49-42,0,main.go:2026-06-26_23-49-42
2026-06-26_23-52-06,0,main.go:2026-06-26_23-52-06
2026-06-26_23-52-12,0,main.go:2026-06-26_23-52-12
2026-06-26_23-53-00,0,main.go:2026-06-26_23-53-00
2026-06-27_00-13-00,---,main.go:2026-06-27_00-13-00
2026-06-27_00-38-33,0,main.go:2026-06-27_00-38-33
2026-06-27_00-39-04,0,main.go:2026-06-27_00-38-33
2026-06-27_00-58-08,---,main.go:2026-06-27_00-58-08
2026-06-27_00-59-17,0,main.go:2026-06-27_00-59-17
2026-06-27_00-59-27,66,main.go:2026-06-27_00-59-27
2026-06-27_01-02-07,100,main.go:2026-06-27_01-02-07
