2026-03-10_10-31-27,---,draft.go:2026-03-10_10-31-27
2026-03-10_10-39-35,0,draft.go:2026-03-10_10-39-35
2026-03-23_16-08-01,---,draft.go:2026-03-10_10-39-35
2026-04-06_21-58-13,0,draft.go:2026-04-06_21-58-13
2026-04-06_22-19-07,0,draft.go:2026-04-06_22-19-07
2026-04-06_22-25-14,0,draft.go:2026-04-06_22-19-07
2026-04-06_22-27-28,0,draft.go:2026-04-06_22-27-28
2026-04-06_22-28-03,0,draft.go:2026-04-06_22-27-28
2026-04-06_22-30-17,0,draft.go:2026-04-06_22-30-17
2026-04-06_22-33-24,100,draft.go:2026-04-06_22-33-24
