2026-06-07_18-01-08,---,shell.go:2026-06-07_18-01-08
2026-06-07_18-30-04,---,shell.go:2026-06-07_18-30-04
2026-06-07_19-25-16,---,shell.go:2026-06-07_19-25-16
2026-06-07_20-02-07,---,shell.go:2026-06-07_20-02-07
2026-06-07_22-29-58,---,shell.go:2026-06-07_20-02-07
2026-06-08_15-29-48,---,shell.go:2026-06-08_15-29-48
2026-06-08_15-30-12,0,shell.go:2026-06-08_15-30-12
2026-06-08_15-30-16,---,shell.go:2026-06-08_15-30-12
2026-06-08_15-30-28,0,shell.go:2026-06-08_15-30-12
2026-06-08_15-30-52,0,shell.go:2026-06-08_15-30-52
2026-06-08_15-30-59,0,shell.go:2026-06-08_15-30-59
2026-06-08_15-31-48,0,shell.go:2026-06-08_15-31-48
2026-06-08_15-32-01,0,shell.go:2026-06-08_15-31-48
2026-06-08_15-32-03,---,shell.go:2026-06-08_15-31-48
2026-06-08_15-32-22,0,shell.go:2026-06-08_15-32-22
2026-06-09_15-18-55,0,shell.go:2026-06-08_15-32-22
2026-06-10_09-10-37,0,shell.go:2026-06-08_15-32-22
2026-06-10_09-18-11,0,shell.go:2026-06-10_09-18-11
2026-06-10_09-23-04,0,shell.go:2026-06-10_09-23-04
2026-06-10_09-27-59,87,shell.go:2026-06-10_09-27-59
2026-06-10_09-29-41,100,shell.go:2026-06-10_09-29-41
