2026-03-30_15-54-13,0,draft.go:2026-03-30_15-54-13
2026-04-05_22-29-00,---,draft.go:2026-03-30_15-54-13
2026-04-06_21-05-00,---,draft.go:2026-04-06_21-05-00
2026-04-06_21-06-20,---,draft.go:2026-04-06_21-06-20
2026-04-06_21-07-04,0,draft.go:2026-04-06_21-06-20
2026-04-06_21-07-58,0,draft.go:2026-04-06_21-07-58
2026-04-06_21-13-14,0,draft.go:2026-04-06_21-13-14
2026-04-06_21-13-58,0,draft.go:2026-04-06_21-13-58
2026-04-06_21-14-33,0,draft.go:2026-04-06_21-14-33
2026-04-06_21-14-44,0,draft.go:2026-04-06_21-14-44
2026-04-06_21-15-03,0,draft.go:2026-04-06_21-15-03
2026-04-06_21-15-30,0,draft.go:2026-04-06_21-15-30
2026-04-06_21-17-10,0,draft.go:2026-04-06_21-17-10
2026-04-06_21-17-26,50,draft.go:2026-04-06_21-17-26
2026-04-06_21-20-12,100,draft.go:2026-04-06_21-20-12
2026-04-06_21-20-49,100,draft.go:2026-04-06_21-20-12
