2026-06-08_15-56-34,---,draft.go:2026-06-08_15-56-34
2026-06-08_16-05-30,---,draft.go:2026-06-08_16-05-30
2026-06-09_15-19-03,0,draft.go:2026-06-08_16-05-30
2026-06-10_09-34-49,0,draft.go:2026-06-10_09-34-49
2026-06-10_09-45-51,0,draft.go:2026-06-10_09-45-51
2026-06-10_09-45-51,0,draft.go:2026-06-10_09-45-51
2026-06-10_09-46-06,0,draft.go:2026-06-10_09-46-06
2026-06-10_09-49-53,0,draft.go:2026-06-10_09-49-53
2026-06-10_09-51-50,0,draft.go:2026-06-10_09-51-50
2026-06-10_09-54-18,0,draft.go:2026-06-10_09-54-18
2026-06-10_09-54-30,0,draft.go:2026-06-10_09-54-18
2026-06-10_09-54-32,---,draft.go:2026-06-10_09-54-18
2026-06-10_09-55-12,0,draft.go:2026-06-10_09-55-12
2026-06-10_09-55-50,0,draft.go:2026-06-10_09-55-50
2026-06-10_09-58-19,0,draft.go:2026-06-10_09-58-19
2026-06-10_09-59-05,87,draft.go:2026-06-10_09-59-05
2026-06-17_10-52-52,87,draft.go:2026-06-10_09-59-05
2026-06-17_11-01-25,87,draft.go:2026-06-10_09-59-05
2026-07-02_15-14-16,87,draft.go:2026-06-10_09-59-05
2026-07-02_15-19-09,0,draft.go:2026-07-02_15-19-09
2026-07-02_15-29-20,87,draft.go:2026-07-02_15-29-20
