2026-06-07_16-15-43,0,main.go:2026-06-07_16-15-43
2026-06-07_16-15-53,---,main.go:2026-06-07_16-15-43
2026-06-07_16-16-19,---,main.go:2026-06-07_16-15-43
2026-06-07_16-16-27,---,main.go:2026-06-07_16-15-43
2026-06-07_16-18-13,---,main.go:2026-06-07_16-15-43
2026-06-07_16-33-04,---,main.go:2026-06-07_16-33-04
2026-06-07_16-54-47,0,main.go:2026-06-07_16-54-47
2026-06-11_21-53-08,0,main.go:2026-06-11_21-53-08
2026-06-11_21-57-02,---,main.go:2026-06-11_21-57-02
2026-06-11_21-58-22,---,main.go:2026-06-11_21-58-22
2026-06-11_22-02-34,---,main.go:2026-06-11_22-02-34
2026-06-16_12-12-12,0,main.go:2026-06-16_12-12-12
2026-06-16_12-19-20,0,main.go:2026-06-16_12-19-20
2026-06-16_12-21-25,0,main.go:2026-06-16_12-21-25
2026-06-16_12-23-34,0,main.go:2026-06-16_12-23-34
2026-06-16_12-24-48,0,main.go:2026-06-16_12-24-48
2026-06-16_12-24-50,---,main.go:2026-06-16_12-24-48
2026-06-16_12-24-59,---,main.go:2026-06-16_12-24-48
2026-06-16_12-27-49,0,main.go:2026-06-16_12-27-49
2026-06-16_12-27-51,---,main.go:2026-06-16_12-27-49
2026-06-16_12-30-12,0,main.go:2026-06-16_12-30-12
2026-06-16_12-30-46,0,main.go:2026-06-16_12-30-46
2026-06-16_12-33-50,---,main.go:2026-06-16_12-33-50
2026-06-16_12-35-00,90,main.go:2026-06-16_12-33-50
2026-06-16_12-35-55,100,main.go:2026-06-16_12-35-55
